{
  "throughput": [],
  "delay": [
    {
      "min": 0.059,
      "avg": 0.24734,
      "max": 2.9,
      "count": 50
    },
    {
      "min": 0.05,
      "avg": 0.1557,
      "max": 0.718,
      "count": 50
    }
  ],
  "jitter": [],
  "packet_loss": [],
  "cpu_utilization": {
    "avg": 0.9677966101694915,
    "max": 14.3,
    "min": 0.0
  },
  "fairness_index": 0.3959268989992344,
  "response_time": [
    3.272533416748047,
    3.831148147583008,
    3.2401084899902344,
    5.374431610107422
  ]
}