{
  "throughput": [
    41993.52336078935,
    41127.30201689394,
    40092.074341468804,
    40495.15750570886,
    43248.06861660892,
    38817.39127685101
  ],
  "delay": [
    {
      "min": 0.049,
      "avg": 0.9861,
      "max": 9.36,
      "count": 30
    },
    {
      "min": 0.054,
      "avg": 1.989366666666667,
      "max": 27.3,
      "count": 30
    },
    {
      "min": 0.051,
      "avg": 3.0134666666666656,
      "max": 40.7,
      "count": 30
    }
  ],
  "jitter": [],
  "packet_loss": [
    0,
    0,
    0,
    0,
    0,
    0
  ],
  "cpu_utilization": {
    "avg": 1.9258620689655186,
    "max": 23.3
  },
  "fairness_index": 0.5903924086264781,
  "response_time": []
}