{
  "throughput": [
    32869.309885286006,
    37640.54186644612,
    39038.2701662727,
    35676.49732619687,
    35195.40450135305,
    37688.10031591319
  ],
  "delay": [
    {
      "min": 0.061,
      "avg": 1.3466666666666665,
      "max": 18.2,
      "count": 30
    },
    {
      "min": 0.064,
      "avg": 0.6655666666666668,
      "max": 12.3,
      "count": 30
    },
    {
      "min": 0.046,
      "avg": 1.9140333333333333,
      "max": 25.1,
      "count": 30
    }
  ],
  "jitter": [],
  "packet_loss": [
    0,
    0,
    0,
    0,
    0,
    0
  ],
  "cpu_utilization": {
    "avg": 1.590434782608696,
    "max": 13.2
  },
  "fairness_index": 0.36741407872241943,
  "response_time": []
}