{
  "throughput": [
    31188.1172250967,
    38962.81888757195,
    37395.92958056944,
    39241.9295169222,
    39559.65559087336,
    38556.61026202868,
    38075.15669738198,
    36814.15383955878
  ],
  "delay": [],
  "jitter": [],
  "packet_loss": [
    0,
    0,
    0,
    0,
    0,
    0,
    0,
    0
  ],
  "cpu_utilization": {
    "avg": 1.9560240963855413,
    "max": 65.4,
    "std": 6.34028474898522
  },
  "fairness_index": 0.8031481502919534,
  "response_time": []
}