{
  "throughput": [
    39505.11724550408,
    35511.53557154034,
    39027.455855946406,
    39600.528731110964,
    38243.733964654384,
    43720.032056902426,
    39351.93997489917
  ],
  "delay": [],
  "jitter": [],
  "packet_loss": [
    0,
    0,
    0,
    0,
    0,
    0,
    0
  ],
  "cpu_utilization": {
    "avg": 1.2380952380952381,
    "max": 23.5,
    "std": 2.8728368575290455
  },
  "fairness_index": 0.5278829785333633,
  "response_time": []
}