{
  "throughput": [],
  "delay": [
    {
      "min": 0.041,
      "avg": 0.21270000000000003,
      "max": 1.91,
      "count": 50
    },
    {
      "min": 0.04,
      "avg": 0.07728,
      "max": 0.325,
      "count": 50
    }
  ],
  "jitter": [],
  "packet_loss": [],
  "cpu_utilization": {
    "avg": 2.20677966101695,
    "max": 29.4,
    "min": 0.0
  },
  "fairness_index": 0.39468035821333597,
  "response_time": [
    5.289793014526367,
    10.253667831420898,
    4.038810729980469,
    4.495143890380859
  ]
}