{
  "throughput": [],
  "delay": [
    {
      "min": 0.058,
      "avg": 0.19928000000000007,
      "max": 2.37,
      "count": 50
    },
    {
      "min": 0.033,
      "avg": 0.37484000000000006,
      "max": 12.4,
      "count": 50
    }
  ],
  "jitter": [],
  "packet_loss": [],
  "cpu_utilization": {
    "avg": 1.111864406779661,
    "max": 23.4,
    "min": 0.0
  },
  "fairness_index": 0.40468899795177504,
  "response_time": [
    3.2167434692382812,
    11.217832565307617,
    6.330251693725586,
    11.065244674682617
  ]
}