{
  "throughput": [
    37716.37255604311,
    37877.56107731313,
    33514.82047028585,
    39656.97533210605,
    36854.134053821756,
    39158.13294623015,
    37990.020247210996,
    37168.68790184284
  ],
  "delay": [],
  "jitter": [],
  "packet_loss": [
    0,
    0,
    0,
    0,
    0,
    0,
    0,
    0
  ],
  "cpu_utilization": {
    "avg": 1.0624242424242432,
    "max": 11.2,
    "std": 1.451033133099205
  },
  "fairness_index": 0.8114659298899664,
  "response_time": []
}