{
  "throughput": [
    41804.046350616234,
    38518.849021331975,
    39086.970671313975,
    40119.558016310824,
    38970.48398643775,
    39928.43821170446
  ],
  "delay": [
    {
      "min": 0.042,
      "avg": 1.2485000000000002,
      "max": 23.9,
      "count": 30
    },
    {
      "min": 0.033,
      "avg": 1.6542666666666668,
      "max": 21.5,
      "count": 30
    },
    {
      "min": 0.05,
      "avg": 0.6798666666666668,
      "max": 11.3,
      "count": 30
    }
  ],
  "jitter": [],
  "packet_loss": [
    0,
    0,
    0,
    0,
    0,
    0
  ],
  "cpu_utilization": {
    "avg": 2.0794871794871796,
    "max": 27.4
  },
  "fairness_index": 0.3725916644074846,
  "response_time": []
}